dataset,backbone,strategy,unfreeze_pct,Direction,task,n_classes,total_params,trainable_params,batch_size,learning_rate,epochs_trained,best_epoch,best_val_primary,test_loss,training_time_sec,seed,test_primary,test_auc_macro,test_acc,test_acc_hamming,test_auc,test_auc_micro
chestmnist,vit_base_patch16_224,LP,0,0,multilabel,14,85809422,10766,64,0.0001,115,110,0.762183717943979,0.16509587591529912,7315.041915178299,45,0.7620502018694232,0.7620502018694232,0.5290866134712254,0.9473065827766491,0.7620502018694232,0.833291725083994
chestmnist,swin_tiny_patch4_window7_224,LP,0,0,multilabel,14,27530120,10766,64,0.0001,104,94,0.7562304166642073,0.16674760013733833,5339.522047519684,47,0.756195137932796,0.756195137932796,0.5303793518477243,0.9472747419299374,0.756195137932796,0.8292646673414725
chestmnist,resnet18,partial,60,end,multilabel,14,11183694,11026190,64,0.0001,30,15,0.8098463342268462,0.15597371924721617,1298.2407262325287,45,0.8097728777035407,0.8097728777035407,0.5261445192350555,0.9476345434977806,0.8097728769661215,0.8643918898706072
chestmnist,densenet121,LP,0,0,multilabel,14,6968206,14350,64,0.0001,71,56,0.7504985652288546,0.16820628444353738,3329.2769062519073,44,0.7412613645425546,0.7412613645425546,0.5299781571791558,0.9474721551795505,0.7412613652015388,0.8231937121345878
chestmnist,vit_base_patch16_224,partial,40,end,multilabel,14,85809422,35450126,64,0.0001,20,5,0.8171552976986931,0.1552476329129306,1492.4151320457458,44,0.8189547973336725,0.8189547973336725,0.5218205322515936,0.9471314581197343,0.8189547973336725,0.8675068609316998
chestmnist,densenet121,full,0,0,multilabel,14,6968206,6968206,64,0.0001,21,6,0.8305911330845739,0.150495530851716,2084.2918269634247,44,0.8343314529249021,0.8343314529249021,0.5246734721169706,0.947691857021862,0.8343314534152586,0.8784704963143304
chestmnist,vit_base_patch16_224,partial,20,start,multilabel,14,85809422,21274382,64,0.0001,22,7,0.8155404896500226,0.15600510397952505,2004.1084413528442,45,0.8123800748918469,0.8123800748918469,0.5316275130388267,0.9482172309926066,0.8123800756292662,0.8643222090196647
chestmnist,vit_base_patch16_224,partial,20,start,multilabel,14,85809422,21274382,64,0.0001,27,12,0.8192885112773284,0.1556263495119888,2420.0185050964355,49,0.813328373323146,0.813328373323146,0.5301118887353452,0.9479975291502951,0.8133283748596662,0.8651427445858467
chestmnist,vit_base_patch16_224,full,0,0,multilabel,14,85809422,85809422,64,0.0001,21,8,0.8143764633358405,0.1552337453278721,2292.7097821235657,43,0.8132468262995535,0.8132468262995535,0.5298444256229662,0.9481471811298406,0.8132468256405693,0.8650636787545142
chestmnist,densenet121,LP,0,0,multilabel,14,6968206,14350,64,0.0001,66,51,0.7525557682651012,0.168184083071869,2903.5027916431427,46,0.742919342061916,0.742919342061916,0.5307805465162929,0.9474594188408658,0.7429193415715595,0.8231243951451435
chestmnist,resnet18,partial,20,end,multilabel,14,11183694,8400910,64,0.0001,30,15,0.7806725091886516,0.16052966080924386,1285.1903066635132,43,0.7863372475604313,0.7863372475604313,0.5303793518477243,0.947745986461272,0.7863372475604313,0.8480410578342698
chestmnist,resnet18,partial,20,end,multilabel,14,11183694,8400910,64,0.0001,29,14,0.7850271039175952,0.1607889399314538,1238.0890004634857,48,0.7834966675518829,0.7834966675518829,0.5296215396959836,0.9475644936350147,0.7834966675518829,0.8478674075550374
chestmnist,vit_base_patch16_224,partial,20,end,multilabel,14,85809422,21274382,64,0.0001,20,5,0.8037432859242826,0.1573784898361589,1296.316400051117,42,0.807985115198649,0.807985115198649,0.5298890028083627,0.9480580267590476,0.807985115198649,0.8606543222699244
chestmnist,vit_base_patch16_224,partial,40,start,multilabel,14,85809422,35450126,64,0.0001,24,9,0.8263736289187159,0.15356329877322217,2263.700588941574,46,0.8209138445294611,0.8209138445294611,0.5256541701956938,0.9477205137839025,0.8209138439606697,0.8692835246697241
chestmnist,densenet121,partial,40,end,multilabel,14,6968206,5536526,64,0.0001,19,4,0.8167203337308754,0.1528162275496711,1235.6360430717468,44,0.8197022030593127,0.8197022030593127,0.5311371639994651,0.9483636988874808,0.8197022035496692,0.8690540464337999
chestmnist,swin_tiny_patch4_window7_224,partial,60,end,multilabel,14,27530120,24853574,64,0.0001,20,5,0.8366417108772852,0.1488099277783663,1317.5752999782562,40,0.8334709577491778,0.8334709577491778,0.5279276066509161,0.9479879768962817,0.8334709584081621,0.8798713543296665
chestmnist,swin_tiny_patch4_window7_224,full,0,0,multilabel,14,27530120,27530120,64,0.0001,27,12,0.8304602627032703,0.15324417586594904,2769.266993999481,42,0.8261619123453375,0.8261619123453375,0.5264119823474346,0.9477810113926549,0.8261619113646245,0.8771066907988162
chestmnist,densenet121,partial,60,end,multilabel,14,6968206,6588302,64,0.0001,21,6,0.82773990138879,0.15087088666580342,1637.046917438507,44,0.8322661699372821,0.8322661699372821,0.5283288013194847,0.9481822060612236,0.8322661701843449,0.8765333781032592
chestmnist,swin_tiny_patch4_window7_224,partial,60,start,multilabel,14,27530120,8233184,64,0.0001,25,10,0.8391632059014217,0.15416265724815875,2317.9666175842285,49,0.835641644706464,0.835641644706464,0.5342129897918245,0.9485515598830804,0.835641644706464,0.8748598951046433
chestmnist,vit_base_patch16_224,full,0,0,multilabel,14,85809422,85809422,64,0.0001,22,7,0.8151802213707228,0.15535525436330044,2384.8337259292603,47,0.8136882480580129,0.8136882480580129,0.532519056746757,0.9480994198597729,0.8136882485483693,0.8634778775221719
chestmnist,vit_base_patch16_224,partial,20,end,multilabel,14,85809422,21274382,64,0.0001,20,5,0.8100537790044479,0.15742734280491827,1296.5937223434448,43,0.8083521199204883,0.8083521199204883,0.5281059153925021,0.9477014092758754,0.8083521205794726,0.8577162440792457
chestmnist,densenet121,full,0,0,multilabel,14,6968206,6968206,64,0.0001,20,5,0.8320408069256008,0.15018840098058397,1975.120698928833,49,0.8326429878247886,0.8326429878247886,0.5314937814826372,0.9484433010042603,0.8326429864283853,0.87805361546301
chestmnist,swin_tiny_patch4_window7_224,partial,40,end,multilabel,14,27530120,19524098,64,0.0001,21,6,0.8299080422020708,0.1507556842178361,1233.8953602313995,46,0.8294341307886203,0.8294341307886203,0.5293540765836046,0.9481631015531965,0.8294341315260396,0.8752175170143469
chestmnist,vit_base_patch16_224,partial,60,end,multilabel,14,85809422,56713742,64,0.0001,21,6,0.8256370592075767,0.15384631669759072,1841.1556029319763,44,0.8254843290016936,0.8254843290016936,0.5311817411848616,0.9482968331093861,0.8254843290016936,0.8716996983493523
chestmnist,densenet121,partial,60,end,multilabel,14,6968206,6588302,64,0.0001,22,7,0.8301988089661537,0.15431449628114022,1672.3467481136322,49,0.8265552621738805,0.8265552621738805,0.5179423171220969,0.946787576975247,0.8265552621738805,0.872750438856661
chestmnist,vit_base_patch16_224,partial,40,start,multilabel,14,85809422,35450126,64,0.0001,22,7,0.8224354456802533,0.15499290889739312,2042.371001958847,45,0.8222302683892648,0.8222302683892648,0.532429902375964,0.9482968331093861,0.822230268220637,0.8678673721561481
chestmnist,densenet121,partial,20,start,multilabel,14,6968206,382670,64,0.0001,72,57,0.8121626161228138,0.15476977222325794,5800.971615314484,48,0.811653460019753,0.811653460019753,0.5279721838363126,0.9477905636466685,0.8116534610004662,0.8658364150315759
chestmnist,resnet18,partial,40,start,multilabel,14,11183694,680718,64,0.0001,82,67,0.8089748915197976,0.15580258310435505,3472.1835157871246,46,0.8057676285381039,0.8057676285381039,0.5288637275442428,0.9478192204087091,0.8057676286165388,0.8622507716672877
chestmnist,swin_tiny_patch4_window7_224,partial,60,start,multilabel,14,27530120,8233184,64,0.0001,23,8,0.8385365795079622,0.14943575404817902,2176.1741564273834,43,0.8358562016728388,0.8358562016728388,0.5248963580439531,0.9480038973196375,0.8358562009354197,0.879891080915404
chestmnist,resnet18,partial,40,end,multilabel,14,11183694,10500622,64,0.0001,30,15,0.8040901768023861,0.15737033987741525,1304.4961187839508,45,0.8018525540302025,0.8018525540302025,0.5269914857575893,0.9477236978685737,0.8018525535398461,0.8595497994708902
chestmnist,resnet18,full,0,0,multilabel,14,11183694,11183694,64,0.0001,28,13,0.8131210170641338,0.15424978484710059,1209.73464012146,43,0.8147547074210949,0.8147547074210949,0.5287299959880534,0.947975240557597,0.8147547074210949,0.8687642798590017
chestmnist,resnet18,partial,40,end,multilabel,14,11183694,10500622,64,0.0001,26,11,0.7998978898594974,0.15618226004292143,1111.4320795536041,42,0.8041733809643695,0.8041733809643695,0.5310034324432755,0.9481057880291153,0.8041733809643695,0.8607341657979589
chestmnist,densenet121,full,0,0,multilabel,14,6968206,6968206,64,0.0001,20,5,0.834179260150942,0.1496358685131766,2001.8909184932709,47,0.8307349302407284,0.8307349302407284,0.5306468149601035,0.9484878781896569,0.8307349304877911,0.8775252190521536
chestmnist,vit_base_patch16_224,partial,60,end,multilabel,14,85809422,56713742,64,0.0001,21,6,0.825147412413787,0.15338512433645052,1868.794774055481,42,0.8225348151188969,0.8225348151188969,0.5234253109258682,0.9473607122160592,0.8225348146285404,0.8700920628826275
chestmnist,densenet121,partial,60,start,multilabel,14,6968206,4272206,64,0.0001,25,10,0.8299773041949344,0.15081747341105062,2235.6863951683044,47,0.8278990058846948,0.8278990058846948,0.5266348682744172,0.9477682750539702,0.8278990058846948,0.8765594075843824
chestmnist,resnet18,partial,40,end,multilabel,14,11183694,10500622,64,0.0001,28,13,0.8025475890184245,0.15690395439791882,1205.2597172260284,40,0.8050979717689429,0.8050979717689429,0.5279721838363126,0.9477364342072584,0.8050979716905081,0.8608260274422774
chestmnist,resnet18,partial,40,start,multilabel,14,11183694,680718,64,0.0001,73,70,0.803154638996576,0.15576419601498168,3068.6301562786102,44,0.8039702981577614,0.8039702981577614,0.5299335799937592,0.9479338474568716,0.8039702979891337,0.8616327514366617
chestmnist,vit_base_patch16_224,partial,40,end,multilabel,14,85809422,35450126,64,0.0001,19,4,0.8174466164756825,0.1546749452452714,1398.2276380062103,48,0.8201551954944705,0.8201551954944705,0.5293540765836046,0.9480102654889799,0.820155195004114,0.8654072553050457
chestmnist,swin_tiny_patch4_window7_224,partial,40,start,multilabel,14,27530120,2903708,64,0.0001,36,21,0.8350995378823473,0.15187081951446343,3278.28884601593,44,0.8337936767141514,0.8337936767141514,0.5221325725493692,0.9471664830511173,0.8337936772045078,0.8788292807487983
chestmnist,densenet121,partial,20,end,multilabel,14,6968206,2698766,64,0.0001,20,7,0.8014180811489975,0.1585203505988814,981.0747668743134,47,0.8004905555581178,0.8004905555581178,0.5280613382071057,0.9476440957517942,0.8004905555581178,0.8571787430903567
chestmnist,resnet18,full,0,0,multilabel,14,11183694,11183694,64,0.0001,25,10,0.8158287562021069,0.15372195116050563,1074.3545353412628,41,0.8155725250208368,0.8155725250208368,0.5302010431061382,0.9483382262101114,0.8155725243618525,0.8672050260633534
chestmnist,swin_tiny_patch4_window7_224,partial,60,end,multilabel,14,27530120,24853574,64,0.0001,22,7,0.8298500457289002,0.1505212507866047,1437.8386027812958,45,0.8346653769795892,0.8346653769795892,0.5276155663531404,0.948207678738593,0.8346653759988764,0.8776498636505624
chestmnist,densenet121,partial,20,start,multilabel,14,6968206,382670,64,0.0001,84,69,0.8132015347898428,0.15499443365552826,6790.9856133461,41,0.8119561268926022,0.8119561268926022,0.5275264119823474,0.9476313594131095,0.8119561268926022,0.8648532964789167
chestmnist,resnet18,LP,0,0,multilabel,14,11183694,7182,64,0.0001,115,100,0.7187950548096584,0.17114589575603817,4901.429876804352,43,0.7220736185782677,0.7220736185782677,0.5314046271118441,0.9473416077080322,0.7220736179192835,0.8118055016803052
chestmnist,swin_tiny_patch4_window7_224,partial,20,start,multilabel,14,27530120,681338,64,0.0001,63,48,0.8193789321587059,0.1543210520279034,5575.796943187714,46,0.8211481280960083,0.8211481280960083,0.5316720902242232,0.9483891715648503,0.8211481266161079,0.869300808345341
chestmnist,swin_tiny_patch4_window7_224,full,0,0,multilabel,14,27530120,27530120,64,0.0001,22,7,0.8371474747968508,0.14859605313111574,2259.5112862586975,41,0.8349899663286656,0.8349899663286656,0.5298444256229662,0.9481885742305659,0.8349899674780064,0.8811848294031651
chestmnist,swin_tiny_patch4_window7_224,partial,60,start,multilabel,14,27530120,8233184,64,0.0001,26,11,0.8384528259841776,0.15250570042605413,2422.8073394298553,46,0.8327088568879553,0.8327088568879553,0.5321624392635849,0.9486438983385446,0.8327088568879553,0.8779215438152999
chestmnist,swin_tiny_patch4_window7_224,full,0,0,multilabel,14,27530120,27530120,64,0.0001,23,8,0.8363078479848781,0.1497064092093044,2367.632970094681,45,0.8339551948065397,0.8339551948065397,0.529131190656622,0.9483541466334673,0.8339551935385393,0.8797273142340386
chestmnist,vit_base_patch16_224,partial,40,end,multilabel,14,85809422,35450126,64,0.0001,20,5,0.8193566717748837,0.15409448961501787,1470.1611731052399,42,0.8201114153158112,0.8201114153158112,0.5312263183702581,0.9482172309926066,0.8201114158061678,0.8692040895825829
chestmnist,swin_tiny_patch4_window7_224,partial,40,end,multilabel,14,27530120,19524098,64,0.0001,22,7,0.8304583702750093,0.15203887290000237,1291.6863896846771,48,0.8243114962283701,0.8243114962283701,0.5297552712521731,0.9482108628232642,0.8243114967187265,0.8722587756635231
chestmnist,vit_base_patch16_224,partial,40,end,multilabel,14,85809422,35450126,64,0.0001,20,5,0.8193445866328855,0.1538674564358176,1479.02303647995,40,0.8201740562740543,0.8201740562740543,0.5263674051620381,0.9474498665868523,0.8201740562740543,0.8683296427701244
chestmnist,swin_tiny_patch4_window7_224,partial,60,end,multilabel,14,27530120,24853574,64,0.0001,23,8,0.8348031292106776,0.1536699114234699,1534.0183310508728,42,0.832718721496784,0.832718721496784,0.5216868006954041,0.9470104629022295,0.832718721496784,0.8751382328661151
chestmnist,resnet18,partial,40,end,multilabel,14,11183694,10500622,64,0.0001,24,9,0.8012564129525599,0.15663016485607523,1034.636902809143,46,0.8026581595221841,0.8026581595221841,0.5316275130388267,0.9482618081780031,0.8026581601811683,0.8601832815251557
chestmnist,resnet18,partial,60,start,multilabel,14,11183694,2780430,64,0.0001,36,23,0.8105287119483469,0.1543775361742389,1618.9858417510986,49,0.8086855202230969,0.8086855202230969,0.5302456202915348,0.9480771312670746,0.8086855213724375,0.8651852985697432
chestmnist,swin_tiny_patch4_window7_224,partial,40,start,multilabel,14,27530120,2903708,64,0.0001,32,17,0.8315611655370231,0.15420596051080274,2936.2907428741455,40,0.8309201736123211,0.8309201736123211,0.5312263183702581,0.9484783259356433,0.8309201736123211,0.8746090051207923
chestmnist,swin_tiny_patch4_window7_224,partial,20,start,multilabel,14,27530120,681338,64,0.0001,85,70,0.8240403233272934,0.15387992492937974,7413.242199897766,42,0.8218014329019226,0.8218014329019226,0.5266348682744172,0.9475071801109335,0.8218014346396298,0.8697511799249776
chestmnist,swin_tiny_patch4_window7_224,LP,0,0,multilabel,14,27530120,10766,64,0.0001,108,108,0.7562886132865855,0.1667626922329267,5466.214346408844,46,0.756219962709007,0.756219962709007,0.5303793518477243,0.9473129509459915,0.756219962709007,0.8292602163229991
chestmnist,resnet18,full,0,0,multilabel,14,11183694,11183694,64,0.0001,27,12,0.816141285726982,0.15337461492105087,1159.09068775177,46,0.8147668760408181,0.8147668760408181,0.5306468149601035,0.9484082760728774,0.8147668760408181,0.8684649514111467
chestmnist,densenet121,partial,20,start,multilabel,14,6968206,382670,64,0.0001,71,56,0.8084711839032821,0.15494975322417046,5691.5774874687195,46,0.8083816950359768,0.8083816950359768,0.527838452280123,0.947851061255421,0.8083816950359768,0.8645073112161562
chestmnist,swin_tiny_patch4_window7_224,LP,0,0,multilabel,14,27530120,10766,64,0.0001,101,101,0.7563168599944747,0.16678254783917695,5114.491585254669,49,0.7562757517082792,0.7562757517082792,0.5307359693308964,0.9473288713693474,0.7562757521986356,0.8293775865412666
chestmnist,swin_tiny_patch4_window7_224,full,0,0,multilabel,14,27530120,27530120,64,0.0001,21,6,0.83300643546876,0.14930650311657506,2151.2792751789093,46,0.8316969133626888,0.8316969133626888,0.5328310970445326,0.9484815100203144,0.8316969145120295,0.8781484274897376
chestmnist,resnet18,partial,60,end,multilabel,14,11183694,11026190,64,0.0001,26,13,0.8104840653037704,0.15543286062968084,1119.043120622635,47,0.8069344820177088,0.8069344820177088,0.527660143538537,0.9478064840700244,0.8069344820177088,0.8642527529995051
chestmnist,swin_tiny_patch4_window7_224,partial,20,end,multilabel,14,27530120,15971114,64,0.0001,22,7,0.8163787834701387,0.1567233570365824,1143.4146757125854,46,0.8155416167650446,0.8155416167650446,0.5272589488699684,0.9476345434977806,0.815541617255401,0.86406381239499
chestmnist,resnet18,partial,40,start,multilabel,14,11183694,680718,64,0.0001,76,76,0.8025641043631666,0.15593807516019909,3252.619686603546,49,0.8053120244036254,0.8053120244036254,0.5288191503588463,0.9478733498481191,0.8053120232542846,0.8616977846312525
chestmnist,vit_base_patch16_224,partial,40,end,multilabel,14,85809422,35450126,64,0.0001,19,4,0.8210485487893863,0.15500857180085278,1419.9574410915375,43,0.817824467165908,0.817824467165908,0.5282842241340882,0.9480102654889799,0.8178244659381323,0.8642248410058584
chestmnist,vit_base_patch16_224,partial,40,end,multilabel,14,85809422,35450126,64,0.0001,20,5,0.817514232249032,0.15512753851138628,1495.4535031318665,41,0.8212097588454765,0.8212097588454765,0.5304685062185174,0.94817265380721,0.8212097595044607,0.8654576332780598
chestmnist,densenet121,partial,20,end,multilabel,14,6968206,2698766,64,0.0001,20,5,0.8035404989695946,0.15766275400279933,946.9053831100464,46,0.7997359682437798,0.7997359682437798,0.5283733785048812,0.9478415090014074,0.7997359672630668,0.8576215965280932
chestmnist,swin_tiny_patch4_window7_224,partial,40,start,multilabel,14,27530120,2903708,64,0.0001,31,16,0.8317158235865306,0.15178354114209144,2829.7143557071686,42,0.8304448017234066,0.8304448017234066,0.5281950697632951,0.9479433997108851,0.8304448017234066,0.8770407801636724
chestmnist,vit_base_patch16_224,partial,60,end,multilabel,14,85809422,56713742,64,0.0001,21,6,0.8241786211656279,0.15452058676980499,1849.4652569293976,43,0.8223286437566139,0.8223286437566139,0.5236927740382472,0.9471696671357884,0.8223286430976297,0.8692436647876065
chestmnist,resnet18,partial,20,start,multilabel,14,11183694,155150,64,0.0001,124,111,0.7799146513737444,0.16050727192068373,5276.055435657501,45,0.779852959921021,0.779852959921021,0.5310034324432755,0.947870165763448,0.7798529594306646,0.8466037686825933
chestmnist,densenet121,partial,20,end,multilabel,14,6968206,2698766,64,0.0001,21,6,0.8039899312663891,0.15732363061687546,994.1898996829987,42,0.8037922798391606,0.8037922798391606,0.5267240226452102,0.9475644936350147,0.8037922798391606,0.8590760159737701
chestmnist,vit_base_patch16_224,full,0,0,multilabel,14,85809422,85809422,64,0.0001,23,8,0.8151090956318069,0.1544168615910063,2496.3232655525208,40,0.8149087445309071,0.8149087445309071,0.5320287077073954,0.9483032012787284,0.8149087450212635,0.8660437570535187
chestmnist,resnet18,partial,60,end,multilabel,14,11183694,11026190,64,0.0001,25,10,0.8089754100924942,0.1547278516907298,1062.3341419696808,40,0.8097031283892865,0.8097031283892865,0.5285962644318638,0.9477905636466685,0.8097031288796429,0.8649574956234025
chestmnist,resnet18,LP,0,0,multilabel,14,11183694,7182,64,0.0001,127,112,0.7197543357307737,0.17117930991187735,5454.054569482803,45,0.7215441624411282,0.7215441624411282,0.5314492042972406,0.9473638963007305,0.7215441621940656,0.8117951140706509
chestmnist,densenet121,partial,20,end,multilabel,14,6968206,2698766,64,0.0001,21,6,0.8028220708714946,0.15751142143948466,993.6581897735596,40,0.8041284559487681,0.8041284559487681,0.5279276066509161,0.9475071801109335,0.8041284552897839,0.8588095412167162
chestmnist,vit_base_patch16_224,partial,20,start,multilabel,14,85809422,21274382,64,0.0001,23,8,0.8138208966423137,0.15452538008278932,2069.429074525833,47,0.8126458571091991,0.8126458571091991,0.5293540765836046,0.948083499436417,0.8126458559598584,0.8645046004225492
chestmnist,densenet121,partial,40,start,multilabel,14,6968206,1302350,64,0.0001,35,20,0.8231766851066408,0.15221732882437883,2951.2294166088104,43,0.8215902293355482,0.8215902293355482,0.5289974591004324,0.9481217084524711,0.8215902293355482,0.8725303000039376
chestmnist,swin_tiny_patch4_window7_224,partial,20,start,multilabel,14,27530120,681338,64,0.0001,71,56,0.8211104889744606,0.15370593597831209,6301.308216810226,48,0.8208683444233225,0.8208683444233225,0.5305130834039139,0.9479561360495699,0.8208683454040353,0.8700132169966649
chestmnist,vit_base_patch16_224,partial,20,end,multilabel,14,85809422,21274382,64,0.0001,20,5,0.8088185977727859,0.15591084621740542,1301.1033518314362,48,0.8062795028480098,0.8062795028480098,0.5306913921455,0.9481567333838541,0.8062795060484106,0.8606359107763322
chestmnist,densenet121,LP,0,0,multilabel,14,6968206,14350,64,0.0001,85,83,0.7509375929207004,0.16822888504745614,3769.436434030533,42,0.7419832591916895,0.7419832591916895,0.5305576605893104,0.9474721551795505,0.7419832591916895,0.8236773980587713
chestmnist,vit_base_patch16_224,partial,20,end,multilabel,14,85809422,21274382,64,0.0001,20,5,0.803910979461057,0.15914894152231027,1295.1199355125427,47,0.8044458503027822,0.8044458503027822,0.5304239290331209,0.9479656883035834,0.8044458485444251,0.8534432241062437
chestmnist,vit_base_patch16_224,partial,60,start,multilabel,14,85809422,56713742,64,0.0001,24,9,0.8236114392531103,0.1561376010293295,2396.1860394477844,48,0.8177349884487366,0.8177349884487366,0.5288637275442428,0.9481026039444441,0.8177349889390931,0.8661732695589877
chestmnist,swin_tiny_patch4_window7_224,partial,20,start,multilabel,14,27530120,681338,64,0.0001,57,42,0.8179830964639209,0.15445920398347399,5070.8860912323,47,0.8168583873803031,0.8168583873803031,0.5326527883029466,0.948258624093332,0.8168583873803031,0.8669947418013567
chestmnist,vit_base_patch16_224,LP,0,0,multilabel,14,85809422,10766,64,0.0001,75,75,0.7610045361035349,0.1653548137117655,4784.077797651291,47,0.7617535692515771,0.7617535692515771,0.5296661168813801,0.9473766326394152,0.7617535687612206,0.8325682948388834
chestmnist,resnet18,partial,60,start,multilabel,14,11183694,2780430,64,0.0001,47,32,0.8063153271357367,0.15532737110669798,1994.6821451187134,41,0.8108692757880883,0.8108692757880883,0.5285071100610708,0.9476823047678484,0.8108692757880883,0.8654282071116828
chestmnist,vit_base_patch16_224,partial,20,end,multilabel,14,85809422,21274382,64,0.0001,20,5,0.8079276297132868,0.15713099398759017,1310.2487254142761,40,0.8069011821813471,0.8069011821813471,0.5251638211563322,0.947516732364947,0.8069011810320064,0.8579692156562053
chestmnist,vit_base_patch16_224,partial,60,end,multilabel,14,85809422,56713742,64,0.0001,20,5,0.822739757590427,0.15287371240874642,1747.8109822273254,49,0.8258663426868901,0.8258663426868901,0.5302456202915348,0.948242703669976,0.825866341949471,0.8727315419769189
chestmnist,swin_tiny_patch4_window7_224,partial,60,start,multilabel,14,27530120,8233184,64,0.0001,23,8,0.8351413674933387,0.15078867069761298,2169.890002012253,42,0.8344512819715216,0.8344512819715216,0.5302010431061382,0.9484082760728774,0.8344512813125377,0.8766523573526949
chestmnist,densenet121,LP,0,0,multilabel,14,6968206,14350,64,0.0001,51,36,0.7502417004159823,0.16860620705065904,2319.5408635139465,48,0.7412492236741015,0.7412492236741015,0.5314937814826372,0.9475772299736994,0.7412492236741015,0.8226473636625318
chestmnist,swin_tiny_patch4_window7_224,partial,60,start,multilabel,14,27530120,8233184,64,0.0001,23,8,0.8404080054408797,0.15042297302233187,2185.898920059204,40,0.8368480509894083,0.8368480509894083,0.5308251237016894,0.9483509625487961,0.8368480519738901,0.8794615904056935
chestmnist,vit_base_patch16_224,partial,20,start,multilabel,14,85809422,21274382,64,0.0001,24,9,0.8169761117672184,0.15456728132022413,2130.8690309524536,46,0.8160743402715257,0.8160743402715257,0.5273481032407614,0.9477491705459432,0.81607433904375,0.8665242669502747
chestmnist,densenet121,partial,40,start,multilabel,14,6968206,1302350,64,0.0001,41,26,0.8216160317013136,0.15304280303821943,3405.7927832603455,47,0.8219678717910996,0.8219678717910996,0.5306022377747069,0.9483541466334673,0.8219678735288071,0.8716256171660977
chestmnist,resnet18,partial,20,end,multilabel,14,11183694,8400910,64,0.0001,32,17,0.7819200057494777,0.16078628915921914,1379.6109585762024,46,0.7835656189707577,0.7835656189707577,0.5296661168813801,0.9477077774452178,0.7835656196297419,0.8485106671529933
chestmnist,resnet18,partial,20,end,multilabel,14,11183694,8400910,64,0.0001,30,15,0.783367159268536,0.160784079881645,1294.2928121089935,42,0.7838436050532062,0.7838436050532062,0.5313154727410512,0.9477428023766008,0.7838436057121905,0.8477464205025873
chestmnist,swin_tiny_patch4_window7_224,partial,20,end,multilabel,14,27530120,15971114,64,0.0001,21,6,0.8178555153006967,0.1579903465220731,1103.309669971466,43,0.8170074733466708,0.8170074733466708,0.5253421298979183,0.9475899663123841,0.8170074738370273,0.8614745441518723
chestmnist,vit_base_patch16_224,LP,0,0,multilabel,14,85809422,10766,64,0.0001,117,114,0.7622937064736182,0.1651254667982756,7365.6012461185455,44,0.7627570118862474,0.7627570118862474,0.5289528819150359,0.9473161350306627,0.7627570111488283,0.8332876587918041
chestmnist,swin_tiny_patch4_window7_224,full,0,0,multilabel,14,27530120,27530120,64,0.0001,27,12,0.832780741262437,0.15036088729176425,2749.2884221076965,40,0.8300091677019663,0.8300091677019663,0.5294432309543975,0.9480580267590476,0.8300091659436093,0.8759265130010451
chestmnist,swin_tiny_patch4_window7_224,LP,0,0,multilabel,14,27530120,10766,64,0.0001,106,103,0.7564408038782728,0.16676892607639998,5372.143850564957,48,0.7563458719531578,0.7563458719531578,0.5302901974769313,0.9472588215065815,0.7563458719531578,0.8292483935214603
chestmnist,densenet121,partial,40,start,multilabel,14,6968206,1302350,64,0.0001,43,28,0.8197395543360665,0.15243527917270985,3592.2428500652313,41,0.8247956851639008,0.8247956851639008,0.5235144652966611,0.9477396182919297,0.8247956845049166,0.8731151635463696
chestmnist,resnet18,LP,0,0,multilabel,14,11183694,7182,64,0.0001,80,78,0.7171444397604393,0.17118176679920266,3434.555314064026,46,0.7207596384185871,0.7207596384185871,0.5311371639994651,0.947338423623361,0.7207596406673005,0.81167856246442
chestmnist,swin_tiny_patch4_window7_224,partial,60,end,multilabel,14,27530120,24853574,64,0.0001,22,7,0.8356518044613184,0.1516174900523278,1451.804743051529,43,0.834155069300769,0.834155069300769,0.5194133642401819,0.9471314581197343,0.8341550685633498,0.8788362032774153
chestmnist,swin_tiny_patch4_window7_224,full,0,0,multilabel,14,27530120,27530120,64,0.0001,25,10,0.8332334207598351,0.15035495244794422,2553.9025642871857,43,0.8320271744588975,0.8320271744588975,0.5274818347969509,0.9479561360495699,0.832027174949254,0.87648683467065
chestmnist,resnet18,partial,60,start,multilabel,14,11183694,2780430,64,0.0001,42,27,0.8098919955981986,0.15490877401200454,1797.18585896492,48,0.8099173052738308,0.8099173052738308,0.5311371639994651,0.9481280766218135,0.8099173046148466,0.8653165600531104
chestmnist,densenet121,partial,40,end,multilabel,14,6968206,5536526,64,0.0001,21,6,0.8160383158935058,0.15401010259858564,1361.5996372699738,42,0.8200845037105251,0.8200845037105251,0.5228903847011099,0.947268373760595,0.8200845041224466,0.8693779297822504
chestmnist,resnet18,partial,40,end,multilabel,14,11183694,10500622,64,0.0001,26,11,0.8036520176407203,0.15643257575581895,1117.4261729717255,47,0.802230000151528,0.802230000151528,0.5297552712521731,0.9478733498481191,0.8022300011322409,0.8601986162262745
chestmnist,resnet18,partial,20,end,multilabel,14,11183694,8400910,64,0.0001,32,17,0.7856415799254564,0.16116349825746992,1365.2628409862518,41,0.7824116761038977,0.7824116761038977,0.5321178620781883,0.9478892702714751,0.7824116756135412,0.8476866855385291
chestmnist,vit_base_patch16_224,partial,60,start,multilabel,14,85809422,56713742,64,0.0001,22,7,0.8271233061854756,0.15347721168713013,2187.8360226154327,47,0.8242077134050269,0.8242077134050269,0.5347479160165827,0.9484401169195891,0.8242077151427342,0.8696666724558813
chestmnist,vit_base_patch16_224,partial,60,start,multilabel,14,85809422,56713742,64,0.0001,22,7,0.8300948986963793,0.1546620266814517,2177.174422979355,45,0.8248060032091561,0.8248060032091561,0.5314492042972406,0.948277728601359,0.824806002471737,0.8715459073762475
chestmnist,resnet18,full,0,0,multilabel,14,11183694,11183694,64,0.0001,25,10,0.815361979759049,0.1530929881113547,1075.734323501587,49,0.815554909433823,0.815554909433823,0.5310925868140686,0.9483987238188638,0.8155549080374195,0.8679778177084305
chestmnist,vit_base_patch16_224,partial,40,start,multilabel,14,85809422,35450126,64,0.0001,23,8,0.8247587352199701,0.15304714156861318,2134.490888595581,44,0.8212058331802974,0.8212058331802974,0.5263228279766415,0.9477682750539702,0.8212058320309568,0.870279987524772
chestmnist,resnet18,partial,40,end,multilabel,14,11183694,10500622,64,0.0001,30,15,0.8015966713771705,0.15743708147792054,1287.7613303661346,43,0.8015335076373101,0.8015335076373101,0.5269914857575893,0.9476950411065331,0.8015335069783261,0.8591918736477788
chestmnist,swin_tiny_patch4_window7_224,partial,40,end,multilabel,14,27530120,19524098,64,0.0001,19,4,0.8288400087060878,0.1507762969813795,1108.6490585803986,41,0.826331093044123,0.826331093044123,0.5320732848927918,0.9482713604320167,0.82633109395017,0.874374707323042
chestmnist,resnet18,partial,40,start,multilabel,14,11183694,680718,64,0.0001,93,78,0.8075391026581692,0.15564521648350604,3914.921413898468,47,0.8062610898936221,0.8062610898936221,0.5334106004546872,0.9481790219765523,0.8062610901406849,0.8620520991162711
chestmnist,resnet18,LP,0,0,multilabel,14,11183694,7182,64,0.0001,129,114,0.7195961004285286,0.17108646521286408,5504.729809761047,48,0.7221309739959432,0.7221309739959432,0.5316720902242232,0.9473830008087575,0.7221309738273154,0.812040642822496
chestmnist,vit_base_patch16_224,partial,40,start,multilabel,14,85809422,35450126,64,0.0001,24,9,0.8252255502237142,0.15517330031704019,2212.699849843979,48,0.8205848933699054,0.8205848933699054,0.5318058217804128,0.9483223057867555,0.8205848917302081,0.8683111650181166
chestmnist,vit_base_patch16_224,partial,40,start,multilabel,14,85809422,35450126,64,0.0001,21,6,0.8221601722051896,0.15320836846050714,1981.9772293567657,49,0.8179350066880319,0.8179350066880319,0.5280613382071057,0.9479497678802274,0.817935008327729,0.8688375315398199
chestmnist,resnet18,partial,40,start,multilabel,14,11183694,680718,64,0.0001,66,51,0.8012801472556718,0.15581212056922777,2805.656396150589,42,0.8067250114276587,0.8067250114276587,0.5305576605893104,0.9480038973196375,0.8067250119180152,0.8618426774350291
chestmnist,densenet121,partial,40,start,multilabel,14,6968206,1302350,64,0.0001,37,22,0.8242888986284791,0.15241139573164475,3099.6191024780273,49,0.8248530805471529,0.8248530805471529,0.525921633308073,0.9477905636466685,0.8248530798097338,0.872797742683467
chestmnist,resnet18,partial,20,start,multilabel,14,11183694,155150,64,0.0001,110,98,0.7817926171405128,0.16012717068110435,4632.718101978302,46,0.7827055159810193,0.7827055159810193,0.5308251237016894,0.9478606135094344,0.7827055176207164,0.8479008371139103
chestmnist,resnet18,partial,40,start,multilabel,14,11183694,680718,64,0.0001,77,62,0.8046869105192959,0.15570811611040367,3274.7929174900055,43,0.8038586566789464,0.8038586566789464,0.5289083047296393,0.9479625042189121,0.8038586566789464,0.8622255414601074
chestmnist,densenet121,partial,20,start,multilabel,14,6968206,382670,64,0.0001,52,37,0.8101897242426102,0.15456906943834064,4201.8244705200195,42,0.8127115572778696,0.8127115572778696,0.5295769625105871,0.9477045933605467,0.8127115570345758,0.8656263425725942
chestmnist,resnet18,partial,60,end,multilabel,14,11183694,11026190,64,0.0001,26,11,0.8073282785257351,0.1552753764127734,1112.353597164154,48,0.8102522064382357,0.8102522064382357,0.529220345027415,0.9478956384408174,0.8102522064382357,0.8651172653243766
chestmnist,resnet18,partial,20,start,multilabel,14,11183694,155150,64,0.0001,106,91,0.7788655425196843,0.16091136409346535,4468.575858592987,40,0.7768811201579923,0.7768811201579923,0.5312263183702581,0.9479402156262139,0.7768811201579923,0.8450015765838826
chestmnist,resnet18,partial,40,start,multilabel,14,11183694,680718,64,0.0001,89,74,0.803355310658551,0.1558626130690262,3796.650238275528,40,0.8086770236876765,0.8086770236876765,0.5250300896001426,0.9474307620788252,0.808677024178033,0.8622004998502294
chestmnist,swin_tiny_patch4_window7_224,LP,0,0,multilabel,14,27530120,10766,64,0.0001,98,88,0.7566702099459813,0.16679994500855094,4972.234217643738,40,0.7560143332778064,0.7560143332778064,0.5303347746623278,0.9473065827766491,0.7560143327874498,0.8292606419646175
chestmnist,densenet121,partial,20,end,multilabel,14,6968206,2698766,64,0.0001,21,6,0.8026915749458364,0.15793714432465045,1098.0132794380188,43,0.7991013269136331,0.7991013269136331,0.527392680426158,0.9475422050423165,0.7991013269136331,0.8572490504955323
chestmnist,densenet121,partial,20,end,multilabel,14,6968206,2698766,64,0.0001,22,7,0.8029958172617679,0.1591028197326212,1008.8439440727234,49,0.7993359297686966,0.7993359297686966,0.5235590424820576,0.9471219058657208,0.7993359297686966,0.8564192436365947
chestmnist,swin_tiny_patch4_window7_224,partial,40,start,multilabel,14,27530120,2903708,64,0.0001,41,26,0.8348839580081532,0.15421008479985757,3714.921200990677,41,0.8292100067704755,0.8292100067704755,0.5263674051620381,0.9480007132349664,0.8292100067704755,0.8761747895942134
chestmnist,resnet18,partial,60,start,multilabel,14,11183694,2780430,64,0.0001,42,27,0.8113861151891643,0.15487358572646084,1786.7034788131714,40,0.8075501914144986,0.8075501914144986,0.5292649222128115,0.9479497678802274,0.8075501909241422,0.8653519647437974
chestmnist,vit_base_patch16_224,LP,0,0,multilabel,14,85809422,10766,64,0.0001,100,85,0.7621206231206626,0.16540819697315537,6295.772673606873,42,0.7618093642641626,0.7618093642641626,0.5295769625105871,0.9473479758773745,0.7618093642641626,0.832458259559524
chestmnist,densenet121,partial,20,end,multilabel,14,6968206,2698766,64,0.0001,21,6,0.8018610445351654,0.15716861623559583,981.8304553031921,41,0.8014557358449739,0.8014557358449739,0.5290420362858289,0.9477555387152855,0.8014557372413772,0.8585306862121298
chestmnist,densenet121,LP,0,0,multilabel,14,6968206,14350,64,0.0001,73,58,0.7506883559980613,0.16807118707742447,3276.8766057491302,43,0.7424967416496229,0.7424967416496229,0.5305130834039139,0.9475262846189606,0.7424967411592664,0.8235459180549464
chestmnist,resnet18,LP,0,0,multilabel,14,11183694,7182,64,0.0001,103,88,0.7191175449941403,0.17112639486959516,4384.818234205246,41,0.7213806450601181,0.7213806450601181,0.5312263183702581,0.9473447917927034,0.7213806448130554,0.8117853530152297
chestmnist,swin_tiny_patch4_window7_224,partial,20,start,multilabel,14,27530120,681338,64,0.0001,74,59,0.8254622052390762,0.15300649340845582,6545.200026035309,41,0.8195198438132628,0.8195198438132628,0.5269023313867962,0.9478606135094344,0.819519843644635,0.8704832311940012
chestmnist,swin_tiny_patch4_window7_224,partial,60,end,multilabel,14,27530120,24853574,64,0.0001,23,8,0.8353084518420125,0.14923696302705342,1503.3067164421082,41,0.8345441767222692,0.8345441767222692,0.5298890028083627,0.9481790219765523,0.8345441767222692,0.8786124460638177
chestmnist,densenet121,partial,60,start,multilabel,14,6968206,4272206,64,0.0001,27,12,0.8321765861308025,0.15317358269735618,2411.28643989563,40,0.827638557405753,0.827638557405753,0.5235590424820576,0.9474148416554693,0.8276385569204585,0.8751293060967643
chestmnist,swin_tiny_patch4_window7_224,partial,40,start,multilabel,14,27530120,2903708,64,0.0001,40,25,0.8333932896666358,0.1543307058789112,3630.789069414139,49,0.8264187086014724,0.8264187086014724,0.5171845049703562,0.9467111589431386,0.8264187097508131,0.8745094950568901
chestmnist,swin_tiny_patch4_window7_224,partial,40,start,multilabel,14,27530120,2903708,64,0.0001,32,17,0.8328013867774643,0.1523703092820624,2881.820816755295,43,0.8254177408907445,0.8254177408907445,0.5283288013194847,0.9481662856378676,0.8254177399100316,0.8731007544274789
chestmnist,swin_tiny_patch4_window7_224,partial,20,start,multilabel,14,27530120,681338,64,0.0001,56,41,0.824018537052504,0.15328976690259755,4918.643675088882,44,0.8213748801348796,0.8213748801348796,0.5243614318191949,0.9476982251912043,0.8213748794758954,0.8705778881088622
chestmnist,resnet18,partial,60,end,multilabel,14,11183694,11026190,64,0.0001,28,13,0.8075323481874397,0.1551236380156968,1188.3143146038055,41,0.8101649684271953,0.8101649684271953,0.527392680426158,0.9476568320904789,0.8101649687489241,0.8651425441821293
chestmnist,densenet121,LP,0,0,multilabel,14,6968206,14350,64,0.0001,49,34,0.7512774883421057,0.16829552567242897,2327.7185142040253,40,0.7425886275924315,0.7425886275924315,0.5311371639994651,0.947567677719686,0.7425886279141601,0.8232282203519666
chestmnist,swin_tiny_patch4_window7_224,partial,40,end,multilabel,14,27530120,19524098,64,0.0001,23,8,0.8281428527163185,0.15411703706721636,1356.460420846939,40,0.8271514686558763,0.8271514686558763,0.5285962644318638,0.9479338474568716,0.8271514676751633,0.8710388903474561
chestmnist,densenet121,full,0,0,multilabel,14,6968206,6968206,64,0.0001,21,6,0.8343316987946482,0.15039607876131678,2090.2472372055054,45,0.8329856652889273,0.8329856652889273,0.5290866134712254,0.9482618081780031,0.8329856652889273,0.8776090805271439
chestmnist,densenet121,full,0,0,multilabel,14,6968206,6968206,64,0.0001,20,5,0.834502411454262,0.15038575945246932,1997.4406156539917,40,0.8333514494448693,0.8333514494448693,0.5269469085721927,0.9478064840700244,0.8333514501038535,0.8778525374567067
chestmnist,vit_base_patch16_224,partial,40,start,multilabel,14,85809422,35450126,64,0.0001,22,7,0.8251163238377682,0.1536879116653377,2076.6779284477234,41,0.8234011404793915,0.8234011404793915,0.5220879953639728,0.9473798167240863,0.8234011404793915,0.8699331191218098
chestmnist,vit_base_patch16_224,partial,60,end,multilabel,14,85809422,56713742,64,0.0001,20,5,0.8222936895664772,0.15518470762292205,1772.1201357841492,47,0.8213775991602693,0.8213775991602693,0.5263674051620381,0.9476695684291636,0.821377597763866,0.8662038127547194
chestmnist,resnet18,LP,0,0,multilabel,14,11183694,7182,64,0.0001,116,110,0.7188791907321544,0.17108373774847074,4925.746495246887,40,0.7218916928273587,0.7218916928273587,0.5314937814826372,0.9473702644700728,0.7218916920899395,0.8119202806958079
chestmnist,swin_tiny_patch4_window7_224,LP,0,0,multilabel,14,27530120,10766,64,0.0001,101,96,0.7559754906843267,0.16678710186328644,5118.10990023613,43,0.7562947930137531,0.7562947930137531,0.5303793518477243,0.9473097668613204,0.7562947930137531,0.8293282196452102
chestmnist,vit_base_patch16_224,partial,60,start,multilabel,14,85809422,56713742,64,0.0001,22,7,0.8269978998590252,0.15638103019817604,2196.4748175144196,42,0.8220950881284891,0.8220950881284891,0.5236036196674542,0.9479147429488445,0.8220950881284891,0.8675308208296884
chestmnist,densenet121,partial,20,start,multilabel,14,6968206,382670,64,0.0001,76,61,0.8084351400890368,0.15577288581180437,5988.859049320221,47,0.8077619141371907,0.8077619141371907,0.529220345027415,0.9477173296992314,0.8077619141371907,0.8625034282368802
chestmnist,resnet18,partial,20,start,multilabel,14,11183694,155150,64,0.0001,106,102,0.7817709655387263,0.16008851063726973,4516.59726190567,49,0.7864870919249487,0.7864870919249487,0.5318949761512058,0.9479020066101598,0.7864870902068165,0.8480769423132373
chestmnist,densenet121,partial,40,start,multilabel,14,6968206,1302350,64,0.0001,38,23,0.8219375737747358,0.15309083455393457,3156.5259261131287,46,0.8217450447644437,0.8217450447644437,0.5295323853251905,0.9480038973196375,0.8217450455420876,0.8705855506757878
chestmnist,densenet121,partial,60,end,multilabel,14,6968206,6588302,64,0.0001,22,7,0.8281428693730378,0.15222028608930077,1706.614000082016,41,0.8285796407097071,0.8285796407097071,0.5255650158249008,0.9476663843444925,0.8285796407097071,0.8750291875953694
chestmnist,swin_tiny_patch4_window7_224,full,0,0,multilabel,14,27530120,27530120,64,0.0001,27,14,0.8321022423990018,0.15286852313242746,2769.723711013794,48,0.8275257339119243,0.8275257339119243,0.5307359693308964,0.9481758378918812,0.827525735938801,0.8736736518629203
chestmnist,vit_base_patch16_224,LP,0,0,multilabel,14,85809422,10766,64,0.0001,97,84,0.7627977390593902,0.16514791620422972,6137.029858827591,43,0.7623096041837859,0.7623096041837859,0.5283288013194847,0.9472556374219103,0.7623096046741423,0.8330627107587577
chestmnist,swin_tiny_patch4_window7_224,partial,20,end,multilabel,14,27530120,15971114,64,0.0001,21,6,0.8185799415897888,0.15476330219001172,1101.043428659439,44,0.8163821787469706,0.8163821787469706,0.5267240226452102,0.9476600161751502,0.8163821780879866,0.8656271106002489
chestmnist,resnet18,partial,20,start,multilabel,14,11183694,155150,64,0.0001,93,78,0.7800188269781209,0.16110406221657397,3926.0626425743103,47,0.7771939897339915,0.7771939897339915,0.5319395533366024,0.9479338474568716,0.7771939897339915,0.8450746649086995
chestmnist,densenet121,partial,60,start,multilabel,14,6968206,4272206,64,0.0001,25,10,0.8326633260124623,0.15116855381136265,2277.4474515914917,44,0.8325821705324186,0.8325821705324186,0.5228903847011099,0.9473479758773745,0.8325821705324186,0.877251672456044
chestmnist,densenet121,partial,60,start,multilabel,14,6968206,4272206,64,0.0001,25,10,0.8355426563646723,0.15156452735604722,2251.5607228279114,45,0.831899460840541,0.831899460840541,0.5286408416172603,0.9482936490247149,0.8318994620683168,0.8754901090210879
chestmnist,vit_base_patch16_224,partial,40,end,multilabel,14,85809422,35450126,64,0.0001,18,3,0.8152651488087397,0.1542427951411644,1327.8338742256165,49,0.8166558098797366,0.8166558098797366,0.5282842241340882,0.9479816087269393,0.8166558064564567,0.8655591713990849
chestmnist,densenet121,partial,60,end,multilabel,14,6968206,6588302,64,0.0001,20,5,0.831334960162444,0.150645639800448,1534.931749343872,40,0.8318293897573756,0.8318293897573756,0.5271697944991753,0.9483700670568231,0.8318293897573756,0.8769130841158707
chestmnist,densenet121,partial,40,end,multilabel,14,6968206,5536526,64,0.0001,21,6,0.819240069295841,0.15469185657735562,1325.297336101532,45,0.8189084510145358,0.8189084510145358,0.5211518744706459,0.9472206124905274,0.8189084527728928,0.868329825871337
chestmnist,vit_base_patch16_224,partial,20,end,multilabel,14,85809422,21274382,64,0.0001,20,5,0.8078646181535561,0.15814839278021428,1288.2322933673859,49,0.8059984331402876,0.8059984331402876,0.5314937814826372,0.9479402156262139,0.8059984341210006,0.8594923120004279
chestmnist,vit_base_patch16_224,partial,60,end,multilabel,14,85809422,56713742,64,0.0001,20,5,0.8218116255942041,0.15201196751618318,1766.4687781333923,41,0.824225942224247,0.824225942224247,0.5318503989658093,0.948401907903535,0.8242259427146035,0.872802476954122
chestmnist,resnet18,partial,20,end,multilabel,14,11183694,8400910,64,0.0001,32,17,0.7819297431143374,0.16083157574094598,1357.4490721225739,40,0.784919725016972,0.784919725016972,0.5303793518477243,0.9476345434977806,0.7849197266566692,0.8479054888414397
chestmnist,resnet18,full,0,0,multilabel,14,11183694,11183694,64,0.0001,26,11,0.813775057076236,0.15370202028428728,1106.5841920375824,40,0.8140507409424366,0.8140507409424366,0.5293540765836046,0.9480580267590476,0.8140507416798556,0.867958291424631
chestmnist,swin_tiny_patch4_window7_224,partial,60,end,multilabel,14,27530120,24853574,64,0.0001,21,6,0.8348861392921668,0.15174552870442046,1398.7099950313568,48,0.8361511116586925,0.8361511116586925,0.5219988409931797,0.94755175729633,0.8361511114900649,0.8768084967846002
chestmnist,densenet121,full,0,0,multilabel,14,6968206,6968206,64,0.0001,21,6,0.8337181021746721,0.15044714451005994,2086.6288719177246,48,0.8352002930593821,0.8352002930593821,0.5219096866223867,0.9475581254656724,0.8352002925690256,0.8788728637228339
chestmnist,vit_base_patch16_224,partial,20,start,multilabel,14,85809422,21274382,64,0.0001,24,9,0.8172897051547732,0.15549359693486467,2137.3908648490906,48,0.8149028613683742,0.8149028613683742,0.5309142780724825,0.9481439970451694,0.8149028613683742,0.8661424531872386
chestmnist,vit_base_patch16_224,partial,40,end,multilabel,14,85809422,35450126,64,0.0001,19,4,0.8190100580422797,0.15432241476244396,1393.3126537799835,46,0.8186848328371642,0.8186848328371642,0.5251638211563322,0.9478924543561462,0.8186848334961485,0.8659226230315571
chestmnist,vit_base_patch16_224,full,0,0,multilabel,14,85809422,85809422,64,0.0001,21,6,0.8165568549473424,0.15494073016775978,2265.97291970253,44,0.81308551655229,0.81308551655229,0.5323853251905675,0.9484050919882061,0.81308551655229,0.8633424912234369
chestmnist,resnet18,partial,20,end,multilabel,14,11183694,8400910,64,0.0001,38,23,0.7835658328438777,0.1623399623608657,1645.5146596431732,45,0.782646013428871,0.782646013428871,0.5253867070833148,0.9472365329138832,0.7826460136759337,0.8471246564170374
chestmnist,swin_tiny_patch4_window7_224,partial,20,end,multilabel,14,27530120,15971114,64,0.0001,20,5,0.8194067774863169,0.15554661719802437,1044.4062082767487,42,0.8170533181451113,0.8170533181451113,0.52480720367316,0.9475103641956046,0.817053320171988,0.8648276338108954
chestmnist,vit_base_patch16_224,partial,40,start,multilabel,14,85809422,35450126,64,0.0001,23,8,0.822687148028478,0.15369977889067768,2124.470279932022,40,0.8176271251391786,0.8176271251391786,0.5303347746623278,0.9480675790130612,0.8176271248921159,0.868579391297555
chestmnist,densenet121,partial,40,start,multilabel,14,6968206,1302350,64,0.0001,45,30,0.8220027314748856,0.15374426004553793,3762.0889530181885,40,0.8169853237969334,0.8169853237969334,0.526010787678866,0.9477810113926549,0.816985323306577,0.8703054378808811
chestmnist,densenet121,partial,60,end,multilabel,14,6968206,6588302,64,0.0001,20,5,0.8277754030949842,0.1508537990882186,1539.825665473938,46,0.8251218772593794,0.8251218772593794,0.5296215396959836,0.9480866835210882,0.8251218767690228,0.8758365860821029
chestmnist,resnet18,partial,60,end,multilabel,14,11183694,11026190,64,0.0001,27,12,0.806352710667324,0.15542493047367814,1158.7450144290924,49,0.8078331439776382,0.8078331439776382,0.5289528819150359,0.9481917583152372,0.8078331439776382,0.8636548958866352
chestmnist,vit_base_patch16_224,full,0,0,multilabel,14,85809422,85809422,64,0.0001,22,7,0.8152932843647543,0.1558816720150475,2380.1358954906464,49,0.8139490879051642,0.8139490879051642,0.5252529755271252,0.9474817074335641,0.8139490883955206,0.8622614910779165
chestmnist,vit_base_patch16_224,full,0,0,multilabel,14,85809422,85809422,64,0.0001,21,6,0.8172582487953072,0.15415866403413295,2292.0250577926636,46,0.8160971670266478,0.8160971670266478,0.5269023313867962,0.9478128522393667,0.8160971663676636,0.866640731433305
chestmnist,vit_base_patch16_224,partial,60,start,multilabel,14,85809422,56713742,64,0.0001,21,6,0.8255614379580444,0.1528635340029018,2067.2388396263123,49,0.8188516925774608,0.8188516925774608,0.5296215396959836,0.948207678738593,0.8188516920871043,0.8703844849847968
chestmnist,densenet121,partial,40,start,multilabel,14,6968206,1302350,64,0.0001,36,29,0.8191850794016433,0.15387264428994593,2988.8040833473206,42,0.8199631359931683,0.8199631359931683,0.5265457139036241,0.9479625042189121,0.8199631359931683,0.8703389965978634
chestmnist,densenet121,partial,20,end,multilabel,14,6968206,2698766,64,0.0001,21,6,0.8053466620393672,0.1574975771144924,978.830482006073,48,0.8026429332456273,0.8026429332456273,0.52480720367316,0.9472174284058562,0.8026429346420307,0.8593759512306469
chestmnist,vit_base_patch16_224,partial,20,end,multilabel,14,85809422,21274382,64,0.0001,21,6,0.8086008184750177,0.15809756746658912,1361.1394836902618,45,0.8070333776096241,0.8070333776096241,0.5265457139036241,0.9474721551795505,0.8070333782686083,0.8562256373607668
chestmnist,densenet121,partial,20,start,multilabel,14,6968206,382670,64,0.0001,79,64,0.8148767750519695,0.15480258542927583,6376.345304250717,40,0.8092017089223431,0.8092017089223431,0.5282842241340882,0.9477873795619973,0.8092017084319865,0.8653887413195571
chestmnist,vit_base_patch16_224,partial,20,end,multilabel,14,85809422,21274382,64,0.0001,20,5,0.8070786941025178,0.15809813475082402,1290.993984222412,41,0.8068380705577124,0.8068380705577124,0.532697365488343,0.9482363355006336,0.8068380726877661,0.8561666109851706
chestmnist,vit_base_patch16_224,partial,40,start,multilabel,14,85809422,35450126,64,0.0001,25,10,0.8224456678295221,0.15429550131246914,2356.0728693008423,47,0.8188558265509147,0.8188558265509147,0.5258324789372799,0.9475740458890283,0.8188558272098989,0.8680612082499515
chestmnist,swin_tiny_patch4_window7_224,partial,20,end,multilabel,14,27530120,15971114,64,0.0001,22,7,0.8184115031720944,0.15526303241395542,1160.8547406196594,47,0.8174967049721568,0.8174967049721568,0.5263674051620381,0.9477077774452178,0.8174967054625133,0.865551909334256
chestmnist,resnet18,full,0,0,multilabel,14,11183694,11183694,64,0.0001,28,13,0.8100637483472586,0.15449694181099916,1203.1118559837341,45,0.8144466121324635,0.8144466121324635,0.5300227343645523,0.9481439970451694,0.8144466114734793,0.8673027697450729
chestmnist,densenet121,LP,0,0,multilabel,14,6968206,14350,64,0.0001,55,40,0.7509970713602906,0.1681861120284113,2469.2408056259155,41,0.7430974677824567,0.7430974677824567,0.5306468149601035,0.9474848915182352,0.7430974684414409,0.8235769730994823
chestmnist,vit_base_patch16_224,partial,60,end,multilabel,14,85809422,56713742,64,0.0001,19,4,0.8237472002006699,0.15237915411888703,1663.3108360767365,46,0.8211354198510826,0.8211354198510826,0.5294432309543975,0.9483095694480708,0.8211354191136635,0.8694582687725989
chestmnist,densenet121,partial,20,start,multilabel,14,6968206,382670,64,0.0001,61,46,0.81553389289523,0.1546693642509629,4803.466069221497,49,0.8105923303455287,0.8105923303455287,0.5287745731734498,0.9480134495736511,0.810592331004513,0.8652094152080696
chestmnist,swin_tiny_patch4_window7_224,partial,60,end,multilabel,14,27530120,24853574,64,0.0001,21,6,0.8335632760403169,0.1496904084612841,1388.1825034618378,46,0.8353477141250153,0.8353477141250153,0.530869700887086,0.9481535492991829,0.8353477147839994,0.877725051888787
chestmnist,swin_tiny_patch4_window7_224,partial,60,start,multilabel,14,27530120,8233184,64,0.0001,27,12,0.839253213194867,0.15180320229031083,2551.405344247818,47,0.8360312214287141,0.8360312214287141,0.5258324789372799,0.9478988225254886,0.8360312221661331,0.8795373453518405
chestmnist,swin_tiny_patch4_window7_224,partial,20,start,multilabel,14,27530120,681338,64,0.0001,71,56,0.8238191071138031,0.15378364050320412,6293.547257184982,40,0.8196219553668421,0.8196219553668421,0.5280167610217091,0.9479306633722004,0.8196219553668421,0.8700119455678995
chestmnist,swin_tiny_patch4_window7_224,partial,40,end,multilabel,14,27530120,19524098,64,0.0001,21,6,0.8303035925834028,0.15207728856054806,1238.7826175689697,44,0.8255854463950213,0.8255854463950213,0.5244951633753845,0.9476154389897536,0.825585448525075,0.872958954904445
chestmnist,swin_tiny_patch4_window7_224,partial,40,end,multilabel,14,27530120,19524098,64,0.0001,19,4,0.8282107973080863,0.15196100732794515,1099.4757492542267,42,0.8293940627059616,0.8293940627059616,0.5312708955556547,0.9482713604320167,0.8293940641770311,0.8726571407991045
chestmnist,resnet18,partial,40,start,multilabel,14,11183694,680718,64,0.0001,76,61,0.8038140864741626,0.1557028935081259,3231.8254730701447,45,0.803950550934765,0.803950550934765,0.530958855257879,0.9480007132349664,0.803950551915478,0.8614947941892701
chestmnist,vit_base_patch16_224,partial,40,start,multilabel,14,85809422,35450126,64,0.0001,22,7,0.8217318823637249,0.1553213443723839,2074.4331843852997,42,0.822574318225638,0.822574318225638,0.5297106940667766,0.9481949423999083,0.8225743182256379,0.8692011702429031
chestmnist,densenet121,full,0,0,multilabel,14,6968206,6968206,64,0.0001,22,7,0.8321011824802994,0.15081492463323126,2165.1714227199554,46,0.8340328456560095,0.8340328456560095,0.525921633308073,0.9475963344817265,0.8340328444282338,0.8784410110140989
chestmnist,swin_tiny_patch4_window7_224,partial,40,end,multilabel,14,27530120,19524098,64,0.0001,22,7,0.8308797977503665,0.15226076335309238,1293.9026935100555,47,0.8317052912832936,0.8317052912832936,0.521597646324611,0.9472747419299374,0.83170529177365,0.8748688456903833
chestmnist,vit_base_patch16_224,partial,20,start,multilabel,14,85809422,21274382,64,0.0001,25,10,0.8181187115128162,0.15393644272007495,2272.6175639629364,42,0.8142030976433051,0.8142030976433051,0.5310034324432755,0.9480707630977323,0.8142030974746773,0.8668505485276716
chestmnist,densenet121,partial,60,start,multilabel,14,6968206,4272206,64,0.0001,24,9,0.8297944153857172,0.1503841792076741,2155.283325433731,46,0.8323731613628068,0.8323731613628068,0.5274372576115544,0.9483445943794537,0.8323731613628068,0.8771442665467395
chestmnist,densenet121,full,0,0,multilabel,14,6968206,6968206,64,0.0001,21,6,0.8355426170213659,0.14992042312509993,2082.510020971298,41,0.834710455418871,0.834710455418871,0.5262336736058485,0.9480357381663493,0.834710455418871,0.8781110097035052
chestmnist,swin_tiny_patch4_window7_224,LP,0,0,multilabel,14,27530120,10766,64,0.0001,112,112,0.7560456113322777,0.1667483105109288,5691.965999364853,44,0.756268925599017,0.756268925599017,0.5305576605893104,0.9473065827766491,0.756268925599017,0.8294341525006785
chestmnist,swin_tiny_patch4_window7_224,partial,20,end,multilabel,14,27530120,15971114,64,0.0001,21,6,0.8203415022502502,0.1552492120539361,1105.174376964569,41,0.8181122818914032,0.8181122818914032,0.5306022377747069,0.9482299673312913,0.8181122846241241,0.8653545723330522
chestmnist,resnet18,partial,20,start,multilabel,14,11183694,155150,64,0.0001,87,72,0.7748201192026329,0.1611461682919084,3711.4493367671967,42,0.7788424602479299,0.7788424602479299,0.5320287077073954,0.9477714591386415,0.7788424609069142,0.8449327637080051
chestmnist,densenet121,partial,60,start,multilabel,14,6968206,4272206,64,0.0001,23,8,0.8277354125876808,0.14975310815365567,2057.032382249832,41,0.8305103741914631,0.8305103741914631,0.5332768688984978,0.9487075800319682,0.8305103740228353,0.8768857471760602
chestmnist,swin_tiny_patch4_window7_224,partial,60,end,multilabel,14,27530120,24853574,64,0.0001,21,6,0.8345673084894398,0.15049354853028926,1402.6790039539337,44,0.8322277162686695,0.8322277162686695,0.5248517808585565,0.9476600161751502,0.8322277170895855,0.8775547472015295
chestmnist,swin_tiny_patch4_window7_224,partial,40,start,multilabel,14,27530120,2903708,64,0.0001,36,21,0.8317475141416043,0.15248424939790003,3244.182591199875,45,0.8251789373781226,0.8251789373781226,0.5275709891677439,0.9480866835210882,0.8251789371348287,0.8742147725358163
chestmnist,resnet18,partial,40,start,multilabel,14,11183694,680718,64,0.0001,104,89,0.8045997239505445,0.156241731277728,4459.952264547348,48,0.8033308066585703,0.8033308066585703,0.5293540765836046,0.9478637975941057,0.803330805183732,0.8607892288821585
chestmnist,vit_base_patch16_224,partial,60,end,multilabel,14,85809422,56713742,64,0.0001,21,6,0.8239953807617532,0.15436594232789472,1909.6088156700134,40,0.8234585930724668,0.8234585930724668,0.5224000356617483,0.9474562347561947,0.8234585935628232,0.8682808755585288
chestmnist,swin_tiny_patch4_window7_224,partial,40,end,multilabel,14,27530120,19524098,64,0.0001,21,6,0.8272084359305982,0.1513887453834895,1219.5802781581879,45,0.8267618020260443,0.8267618020260443,0.5307359693308964,0.9482872808553725,0.8267618004895241,0.8724637972160115
chestmnist,swin_tiny_patch4_window7_224,partial,60,end,multilabel,14,27530120,24853574,64,0.0001,22,7,0.8361763344487042,0.15020886604857242,1434.529480934143,49,0.8358751224515105,0.8358751224515105,0.5322961708197744,0.9486088734071616,0.8358751227602551,0.8788588435031838
chestmnist,swin_tiny_patch4_window7_224,partial,60,start,multilabel,14,27530120,8233184,64,0.0001,26,11,0.8364971494909964,0.15380334499639664,2422.8095712661743,45,0.8344607364177417,0.8344607364177417,0.5299781571791558,0.9484050919882061,0.8344607369080981,0.8777758210001894
chestmnist,resnet18,full,0,0,multilabel,14,11183694,11183694,64,0.0001,28,13,0.8140411529746496,0.1537437275731326,1205.9233620166779,44,0.8160557364349513,0.8160557364349513,0.5304685062185174,0.9484210124115621,0.8160557364349513,0.8683793099155289
chestmnist,swin_tiny_patch4_window7_224,partial,20,end,multilabel,14,27530120,15971114,64,0.0001,20,5,0.8172197967191289,0.15544498677861657,1056.2167723178864,48,0.8153430795688749,0.8153430795688749,0.5310034324432755,0.948401907903535,0.8153430797375026,0.8647848869549601
chestmnist,resnet18,partial,60,start,multilabel,14,11183694,2780430,64,0.0001,39,24,0.8125535956506071,0.15369721958440252,1658.0166149139404,42,0.811932312756284,0.811932312756284,0.5306022377747069,0.948207678738593,0.8119323132466405,0.867051260433329
chestmnist,vit_base_patch16_224,partial,40,end,multilabel,14,85809422,35450126,64,0.0001,19,4,0.8161969193755368,0.1554953741848978,1407.6379277706146,45,0.8157420914427596,0.8157420914427596,0.5210181429144564,0.9470454878336124,0.8157420897050522,0.8652943164618196
chestmnist,resnet18,partial,20,start,multilabel,14,11183694,155150,64,0.0001,106,91,0.7816022456545043,0.16065193067418884,4596.231730699539,44,0.782334924299172,0.782334924299172,0.5315829358534302,0.9478637975941057,0.782334924299172,0.8467646202990153
chestmnist,densenet121,partial,40,start,multilabel,14,6968206,1302350,64,0.0001,50,35,0.8211943808529188,0.15526269478166205,4182.746433973312,44,0.8168082488132062,0.8168082488132062,0.5253867070833148,0.9479115588641733,0.8168082483228497,0.8676872532846016
chestmnist,vit_base_patch16_224,LP,0,0,multilabel,14,85809422,10766,64,0.0001,92,77,0.7617285125061242,0.165630825458259,5802.541969537735,40,0.7621264043102653,0.7621264043102653,0.529309499398208,0.9473161350306627,0.7621264043102653,0.8320925962598189
chestmnist,densenet121,partial,40,end,multilabel,14,6968206,5536526,64,0.0001,20,5,0.8174225070286111,0.15342799690883724,1324.0270421504974,40,0.8182749845896693,0.8182749845896693,0.5276155663531404,0.9478287726627227,0.8182749831185999,0.8694856143636618
chestmnist,swin_tiny_patch4_window7_224,full,0,0,multilabel,14,27530120,27530120,64,0.0001,22,7,0.8390364629989916,0.15056134335845284,2264.0474796295166,44,0.8350743127352869,0.8350743127352869,0.5204832166896982,0.9472174284058562,0.8350743132256433,0.8793730731319964
chestmnist,swin_tiny_patch4_window7_224,partial,60,start,multilabel,14,27530120,8233184,64,0.0001,23,8,0.8397758790106475,0.1499980498115901,2160.435538291931,44,0.8360168670741194,0.8360168670741194,0.5315383586680337,0.9484050919882061,0.8360168680548324,0.8789661471241511
chestmnist,densenet121,partial,20,start,multilabel,14,6968206,382670,64,0.0001,83,68,0.814564997102127,0.15470493319537226,6524.215267896652,45,0.8115898990589452,0.8115898990589452,0.5284179556902777,0.9477810113926549,0.8115898983215261,0.8661302306978386
chestmnist,swin_tiny_patch4_window7_224,full,0,0,multilabel,14,27530120,27530120,64,0.0001,29,14,0.8322743264107659,0.15118574336213603,2988.5597319602966,49,0.8289875011011996,0.8289875011011996,0.5287745731734498,0.9481344447911559,0.8289875015915561,0.8750881830300159
chestmnist,vit_base_patch16_224,partial,60,end,multilabel,14,85809422,56713742,64,0.0001,21,6,0.82519649357184,0.15552601305253147,1863.656137228012,45,0.8190452007051946,0.8190452007051946,0.5225783444033344,0.9474562347561947,0.8190452007051946,0.8663182936582419
chestmnist,vit_base_patch16_224,partial,20,start,multilabel,14,85809422,21274382,64,0.0001,23,8,0.8176137058093004,0.15475398478260066,2069.93328666687,44,0.8135067758826838,0.8135067758826838,0.5266794454598137,0.9478542453400921,0.8135067763730405,0.8656853165317788
chestmnist,vit_base_patch16_224,partial,20,end,multilabel,14,85809422,21274382,64,0.0001,21,6,0.8072534320740763,0.15726520414026374,1379.0996451377869,44,0.8053580598210085,0.8053580598210085,0.5271252173137788,0.9476950411065331,0.8053580598210085,0.8586191028259607
chestmnist,vit_base_patch16_224,full,0,0,multilabel,14,85809422,85809422,64,0.0001,22,7,0.81599288945758,0.15514245510440947,2386.867280960083,45,0.816602143385831,0.816602143385831,0.532429902375964,0.9484846941049856,0.8166021438761876,0.8656731459498932
chestmnist,vit_base_patch16_224,partial,20,start,multilabel,14,85809422,21274382,64,0.0001,26,11,0.8187917446478278,0.15456022712749634,2338.919791698456,43,0.8161244413685594,0.8161244413685594,0.5274372576115544,0.9478128522393667,0.8161244418589159,0.8664236255061167
chestmnist,swin_tiny_patch4_window7_224,partial,20,start,multilabel,14,27530120,681338,64,0.0001,73,58,0.8237110441711474,0.15388412527379147,6435.999417304993,43,0.822697324386536,0.822697324386536,0.5292649222128115,0.9481312607064847,0.822697324386536,0.8705941430996781
chestmnist,swin_tiny_patch4_window7_224,full,0,0,multilabel,14,27530120,27530120,64,0.0001,28,13,0.8314387421645393,0.15270559725343671,2867.4007396698,47,0.8318202013053101,0.8318202013053101,0.5258770561226764,0.947710961529889,0.8318202017956667,0.8763912323265701
chestmnist,vit_base_patch16_224,partial,40,end,multilabel,14,85809422,35450126,64,0.0001,20,5,0.8181738177894898,0.1568930413563367,1504.8494777679443,47,0.8194840835216413,0.8194840835216413,0.5275709891677439,0.947870165763448,0.8194840827842221,0.8618527572636567
chestmnist,swin_tiny_patch4_window7_224,partial,20,start,multilabel,14,27530120,681338,64,0.0001,95,80,0.8212935805558746,0.15421647128471283,8339.261429548264,49,0.8223173536983922,0.8223173536983922,0.5283733785048812,0.9480612108437187,0.8223173543573764,0.8714578152352717
chestmnist,densenet121,partial,60,end,multilabel,14,6968206,6588302,64,0.0001,22,7,0.8278866040675953,0.1529687857016539,1669.6873087882996,47,0.8298022748555706,0.8298022748555706,0.5269023313867962,0.9477937477313396,0.8298022746122768,0.875080683208415
chestmnist,densenet121,partial,60,end,multilabel,14,6968206,6588302,64,0.0001,22,7,0.8287969705662795,0.15474102281012767,1710.5206871032715,48,0.8245015102686858,0.8245015102686858,0.5249855124147461,0.9475453891269877,0.8245015112493989,0.8736391463935863
chestmnist,densenet121,partial,20,end,multilabel,14,6968206,2698766,64,0.0001,21,6,0.8027148267487743,0.15745725531523724,967.5862176418304,44,0.8029722065116844,0.8029722065116844,0.5250746667855392,0.9474466825021811,0.8029722058527001,0.8590438705660927
chestmnist,resnet18,partial,40,end,multilabel,14,11183694,10500622,64,0.0001,25,10,0.800843819618419,0.1563217420651023,1071.453430891037,41,0.8020187309472284,0.8020187309472284,0.5303793518477243,0.9481026039444441,0.8020187309472284,0.8601583162498578
chestmnist,densenet121,partial,60,start,multilabel,14,6968206,4272206,64,0.0001,23,8,0.8312881237318672,0.15013460706696552,2090.594389438629,43,0.8299626761555335,0.8299626761555335,0.5298444256229662,0.9482363355006336,0.8299626756651771,0.8777625902836558
chestmnist,vit_base_patch16_224,LP,0,0,multilabel,14,85809422,10766,64,0.0001,101,93,0.7621409754076532,0.1652392906341118,6377.046935081482,46,0.7620607701403002,0.7620607701403002,0.5297552712521731,0.947319319115334,0.7620607701403002,0.833035108479947
chestmnist,vit_base_patch16_224,partial,20,end,multilabel,14,85809422,21274382,64,0.0001,19,4,0.8093686674628281,0.15812370302076015,1245.1182663440704,46,0.8049685096177084,0.8049685096177084,0.5271252173137788,0.9476058867357401,0.8049685102766926,0.8548525311382391
chestmnist,swin_tiny_patch4_window7_224,partial,40,end,multilabel,14,27530120,19524098,64,0.0001,23,8,0.8270675490735907,0.1535920566982693,1319.619248867035,43,0.8275007700754016,0.8275007700754016,0.5235144652966611,0.9472174284058562,0.8275007685388813,0.8713578858400763
chestmnist,vit_base_patch16_224,partial,60,start,multilabel,14,85809422,56713742,64,0.0001,21,6,0.8242702745537357,0.15463664365714772,2116.0448467731476,40,0.8244354605403459,0.8244354605403459,0.5205277938750947,0.9468353382453146,0.8244354600499895,0.8693548628970689
chestmnist,densenet121,partial,40,end,multilabel,14,6968206,5536526,64,0.0001,20,5,0.817778542424796,0.1530600240682265,1260.289695262909,46,0.8210629655590724,0.8210629655590724,0.5302901974769313,0.9480516585897052,0.8210629640225522,0.8700472740257859
chestmnist,vit_base_patch16_224,partial,60,start,multilabel,14,85809422,56713742,64,0.0001,22,7,0.826785560901847,0.15292818044070844,2199.042875766754,41,0.825974247754108,0.825974247754108,0.5248963580439531,0.9473798167240863,0.8259742475070454,0.8721591075361503
chestmnist,swin_tiny_patch4_window7_224,partial,20,end,multilabel,14,27530120,15971114,64,0.0001,21,6,0.8187782381012626,0.15425165256543716,1112.7637395858765,40,0.8156033852727896,0.8156033852727896,0.5289528819150359,0.9480866835210882,0.8156033841234489,0.8658548572625591
chestmnist,swin_tiny_patch4_window7_224,LP,0,0,multilabel,14,27530120,10766,64,0.0001,118,117,0.7568948003619446,0.16675204777310038,5984.671976566315,45,0.7563541841378545,0.7563541841378545,0.5303793518477243,0.9472938464379644,0.7563541841378545,0.8294352738047699
chestmnist,vit_base_patch16_224,partial,60,end,multilabel,14,85809422,56713742,64,0.0001,21,6,0.8273680524192623,0.1531727193215294,1857.1757469177246,48,0.8242134618636937,0.8242134618636937,0.5309142780724825,0.9482713604320167,0.8242134618636937,0.8705232418114695
chestmnist,densenet121,partial,60,end,multilabel,14,6968206,6588302,64,0.0001,21,6,0.8289213007139816,0.15165089421037936,1628.3065855503082,45,0.8301921204401451,0.8301921204401451,0.5277938750947265,0.9479274792875292,0.8301921216874958,0.8753916528832877
chestmnist,resnet18,partial,60,start,multilabel,14,11183694,2780430,64,0.0001,48,33,0.813968337371448,0.1551623267580641,2049.5875005722046,46,0.8118535010265882,0.8118535010265882,0.5274372576115544,0.948048474505034,0.8118535010265882,0.8656127721162896
chestmnist,resnet18,partial,60,end,multilabel,14,11183694,11026190,64,0.0001,29,14,0.808121310313225,0.15588754407021393,1248.4328484535217,44,0.8108901282079113,0.8108901282079113,0.5275264119823474,0.9478637975941057,0.8108901291886241,0.8644520680841269
chestmnist,vit_base_patch16_224,full,0,0,multilabel,14,85809422,85809422,64,0.0001,22,7,0.8137647388223266,0.15788617437211877,2398.7796795368195,42,0.8131869479689835,0.8131869479689835,0.5298890028083627,0.9482235991619489,0.8131869479689835,0.8610725807059663
chestmnist,resnet18,partial,60,end,multilabel,14,11183694,11026190,64,0.0001,24,9,0.8084608397559234,0.15462229540969571,1023.4037518501282,46,0.8102319647618856,0.8102319647618856,0.5300227343645523,0.9480739471824035,0.8102319659112264,0.8659090152221982
chestmnist,densenet121,full,0,0,multilabel,14,6968206,6968206,64,0.0001,21,6,0.8325776633238605,0.150958266544376,2166.727391719818,43,0.8322940626134763,0.8322940626134763,0.5268577542013997,0.9479561360495699,0.8322940621231197,0.877761622870078
chestmnist,resnet18,partial,60,start,multilabel,14,11183694,2780430,64,0.0001,55,40,0.8126503240392761,0.15651712207882493,2368.480916261673,43,0.8090745735825406,0.8090745735825406,0.5285516872464673,0.9477587227999567,0.8090745751190608,0.8641105842206629
chestmnist,densenet121,partial,40,end,multilabel,14,6968206,5536526,64,0.0001,21,6,0.8128499523665002,0.1553286395096711,1357.668527841568,47,0.8136998100653156,0.8136998100653156,0.5289083047296393,0.9477236978685737,0.813699810555672,0.8652316769161007
chestmnist,densenet121,partial,20,start,multilabel,14,6968206,382670,64,0.0001,74,64,0.8093569570001725,0.15555693026621456,5901.5896327495575,44,0.8078942667653716,0.8078942667653716,0.5265902910890207,0.9476854888525196,0.8078942675027908,0.8631230603484986
chestmnist,swin_tiny_patch4_window7_224,partial,20,end,multilabel,14,27530120,15971114,64,0.0001,22,7,0.8181708711572979,0.15619079936348815,1157.888840675354,49,0.8149830725934635,0.8149830725934635,0.5320732848927918,0.9482331514159624,0.8149830730838199,0.8645782983044327
chestmnist,resnet18,partial,60,start,multilabel,14,11183694,2780430,64,0.0001,47,32,0.813612791003578,0.15497451379598037,2004.8885629177094,44,0.8101264680402832,0.8101264680402832,0.5283288013194847,0.947959320134241,0.8101264659013987,0.8656683260827288
chestmnist,resnet18,LP,0,0,multilabel,14,11183694,7182,64,0.0001,98,95,0.7188749023897253,0.1711032924658892,4165.992167472839,47,0.7219999974440814,0.7219999974440814,0.5314937814826372,0.9473638963007305,0.7219999967850972,0.8119594428798638
chestmnist,swin_tiny_patch4_window7_224,partial,40,start,multilabel,14,27530120,2903708,64,0.0001,31,16,0.8320681649904407,0.1526125422400287,2781.8980050086975,48,0.8299496311836219,0.8299496311836219,0.5333660232692907,0.9486407142538734,0.8299496311836219,0.8740623776712909
chestmnist,vit_base_patch16_224,partial,20,start,multilabel,14,85809422,21274382,64,0.0001,22,7,0.8149347683509662,0.1548339673172035,1988.9263651371002,41,0.8133072869491258,0.8133072869491258,0.5251638211563322,0.947586782227713,0.8133072854780563,0.8644353035854341
chestmnist,densenet121,partial,60,start,multilabel,14,6968206,4272206,64,0.0001,25,10,0.8329314166605679,0.15169809270448495,2242.2314240932465,42,0.831415779701141,0.831415779701141,0.5249855124147461,0.9477491705459432,0.831415779701141,0.8772561627613813
chestmnist,resnet18,partial,60,end,multilabel,14,11183694,11026190,64,0.0001,27,12,0.8093589298197098,0.15496551298517786,1144.5205247402191,42,0.8109702699078609,0.8109702699078609,0.5302456202915348,0.9481057880291153,0.8109702694175045,0.8661431750070276
chestmnist,vit_base_patch16_224,LP,0,0,multilabel,14,85809422,10766,64,0.0001,85,70,0.7619465776130908,0.16549056169823703,5404.145628929138,48,0.7612704306609318,0.7612704306609318,0.5312263183702581,0.9475262846189606,0.7612704313199161,0.8324901554040144
chestmnist,vit_base_patch16_224,partial,60,start,multilabel,14,85809422,56713742,64,0.0001,21,6,0.8257554297862256,0.15236599938652115,2116.6621417999268,46,0.8249320860533386,0.8249320860533386,0.5279721838363126,0.9478733498481191,0.8249320860533386,0.8710245523723941
chestmnist,densenet121,partial,60,end,multilabel,14,6968206,6588302,64,0.0001,20,5,0.8280601764439975,0.15109204070011095,1556.9381210803986,43,0.8293962944002129,0.8293962944002129,0.5305576605893104,0.9483700670568231,0.8293962953809259,0.8756540923908812
chestmnist,swin_tiny_patch4_window7_224,partial,20,end,multilabel,14,27530120,15971114,64,0.0001,21,6,0.8145252771684026,0.1546969746167843,1110.4419856071472,45,0.8152611882498678,0.8152611882498678,0.5304239290331209,0.9480866835210882,0.8152611887402242,0.8643090802861302
chestmnist,resnet18,partial,40,end,multilabel,14,11183694,10500622,64,0.0001,28,13,0.8017049607973782,0.15703450862923238,1216.3932678699493,44,0.8025511127705192,0.8025511127705192,0.5325636339321536,0.9480612108437187,0.8025511121115351,0.8601877675557565
chestmnist,resnet18,full,0,0,multilabel,14,11183694,11183694,64,0.0001,25,10,0.8123380716097054,0.15417415234777662,1074.2138776779175,47,0.8120721144109398,0.8120721144109398,0.5294432309543975,0.947994345065624,0.8120721144109398,0.8661506372720152
chestmnist,vit_base_patch16_224,partial,60,start,multilabel,14,85809422,56713742,64,0.0001,23,8,0.8261374131628199,0.1540764349902797,2267.637435436249,44,0.8233121818169298,0.8233121818169298,0.524539740560781,0.9476663843444925,0.8233121825543489,0.8702602467916922
chestmnist,resnet18,LP,0,0,multilabel,14,11183694,7182,64,0.0001,100,85,0.7193417050795435,0.17108685627282516,4284.964362382889,44,0.7219998469363808,0.7219998469363808,0.5313600499264477,0.9473447917927034,0.7219998474267372,0.8118877654216452
chestmnist,vit_base_patch16_224,partial,40,start,multilabel,14,85809422,35450126,64,0.0001,24,9,0.8220360895965536,0.1529008620697209,2233.8586387634277,43,0.8187434630477429,0.8187434630477429,0.5310034324432755,0.9483764352261655,0.8187434625573865,0.8701755627352672
chestmnist,densenet121,full,0,0,multilabel,14,6968206,6968206,64,0.0001,21,6,0.8329690367972754,0.1503623462895043,2077.452585697174,42,0.8316747381618294,0.8316747381618294,0.526278250791245,0.9475294687036317,0.8316747376714729,0.8786427871255814
chestmnist,resnet18,partial,20,end,multilabel,14,11183694,8400910,64,0.0001,33,18,0.7825061412941171,0.161431431515604,1427.6991531848907,44,0.7830010453929678,0.7830010453929678,0.5283288013194847,0.9474180257401404,0.7830010456400303,0.8476756777867462
chestmnist,densenet121,partial,40,end,multilabel,14,6968206,5536526,64,0.0001,22,7,0.8172972942250818,0.15706665941283235,1387.5671653747559,49,0.8152641814466703,0.8152641814466703,0.5168724646725805,0.9463227006132547,0.8152641814466703,0.8659562959450713
chestmnist,swin_tiny_patch4_window7_224,partial,60,start,multilabel,14,27530120,8233184,64,0.0001,25,10,0.8409637503785264,0.14963071818789866,2317.5377724170685,48,0.8386611292004602,0.8386611292004602,0.5258770561226764,0.9478988225254886,0.8386611305968635,0.8813649720911003
chestmnist,densenet121,partial,60,start,multilabel,14,6968206,4272206,64,0.0001,23,8,0.8332916656193424,0.15073423231938626,2105.802701473236,49,0.8303203097749455,0.8303203097749455,0.5267240226452102,0.9479433997108851,0.8303203111713489,0.8767490599325222
chestmnist,densenet121,partial,40,end,multilabel,14,6968206,5536526,64,0.0001,19,6,0.815440090790854,0.15342817920395452,1204.8236088752747,48,0.8201670300735969,0.8201670300735969,0.5241385458922123,0.9474912596875776,0.8201670300735969,0.870016793729748
chestmnist,resnet18,LP,0,0,multilabel,14,11183694,7182,64,0.0001,107,97,0.7185719160726974,0.17113038271325945,4794.614400148392,49,0.7219456068428293,0.7219456068428293,0.5312263183702581,0.9473511599620457,0.7219456056934886,0.8118290768520104
chestmnist,densenet121,LP,0,0,multilabel,14,6968206,14350,64,0.0001,91,76,0.7512972599220994,0.16820518789213268,4064.5296001434326,45,0.7417558126439703,0.7417558126439703,0.530869700887086,0.9475294687036317,0.7417558129656989,0.8234394457684456
chestmnist,densenet121,partial,20,end,multilabel,14,6968206,2698766,64,0.0001,21,6,0.8027351726729949,0.15806586893959942,981.8763465881348,45,0.8007641961223678,0.8007641961223678,0.5271252173137788,0.9476504639211366,0.8007641960439329,0.8580586774431064
chestmnist,resnet18,partial,20,start,multilabel,14,11183694,155150,64,0.0001,99,84,0.7821782845588798,0.1608568305770556,4214.603816509247,48,0.7790683909280014,0.7790683909280014,0.5309142780724825,0.9476982251912043,0.779068389456932,0.8460445717775806
chestmnist,resnet18,partial,40,end,multilabel,14,11183694,10500622,64,0.0001,26,11,0.799967656718103,0.15691555202262014,1121.90367603302,48,0.8027635540770274,0.8027635540770274,0.5296215396959836,0.9480134495736511,0.802763553586671,0.8599313968508367
chestmnist,densenet121,partial,60,end,multilabel,14,6968206,6588302,64,0.0001,21,6,0.830948403154044,0.1518499850590005,1648.5579335689545,42,0.8290901781258356,0.8290901781258356,0.5264119823474346,0.9475071801109335,0.8290901787848198,0.8753304738725336
chestmnist,vit_base_patch16_224,partial,60,start,multilabel,14,85809422,56713742,64,0.0001,20,5,0.826524238621838,0.15258069332168991,1983.5085940361023,43,0.820561968245813,0.820561968245813,0.5329648286007221,0.9485229031210398,0.8205619689047972,0.8687449009518317
chestmnist,densenet121,partial,40,end,multilabel,14,6968206,5536526,64,0.0001,20,5,0.8144261901853816,0.15418720954333956,1366.3225693702698,43,0.8170718707196735,0.8170718707196735,0.5288191503588463,0.9480580267590476,0.8170718707196735,0.8673382901589833
chestmnist,resnet18,partial,60,start,multilabel,14,11183694,2780430,64,0.0001,50,35,0.8107636008387081,0.15581838638014942,2133.277621269226,47,0.8076638495268137,0.8076638495268137,0.5280167610217091,0.9478255885780514,0.8076638500171701,0.8637203456644743
chestmnist,resnet18,LP,0,0,multilabel,14,11183694,7182,64,0.0001,126,111,0.7196661481782496,0.17104678450316785,5348.2599132061005,42,0.7225987894657605,0.7225987894657605,0.5315383586680337,0.9473861848934286,0.7225987896343881,0.8121713373943819
chestmnist,swin_tiny_patch4_window7_224,partial,40,start,multilabel,14,27530120,2903708,64,0.0001,35,20,0.8321662189236931,0.15343703013284934,3185.000334262848,46,0.8294200232869751,0.8294200232869751,0.52774929790933,0.9477014092758754,0.8294200227966185,0.8743688872693202
chestmnist,resnet18,partial,20,end,multilabel,14,11183694,8400910,64,0.0001,33,23,0.7840670084450927,0.16251358886559805,1428.8069880008698,47,0.7846117186394487,0.7846117186394487,0.5236927740382472,0.94693086078545,0.7846117186394487,0.8465960159390837
chestmnist,densenet121,partial,20,start,multilabel,14,6968206,382670,64,0.0001,58,43,0.8138224670207107,0.154771492755481,4703.78880405426,43,0.8093467652747904,0.8093467652747904,0.5290420362858289,0.9478733498481191,0.8093467647844339,0.8649478633189732
chestmnist,resnet18,partial,20,start,multilabel,14,11183694,155150,64,0.0001,71,56,0.778150476705754,0.16222029629341217,3015.8565607070923,43,0.771293070429641,0.771293070429641,0.5298890028083627,0.9477364342072584,0.7712930694489282,0.8411418136052372
chestmnist,swin_tiny_patch4_window7_224,LP,0,0,multilabel,14,27530120,10766,64,0.0001,116,104,0.7567384334560153,0.16673006185269423,5966.696984052658,42,0.7567279336553431,0.7567279336553431,0.5302456202915348,0.9472620055912527,0.7567279336553431,0.8294332001504577
chestmnist,vit_base_patch16_224,full,0,0,multilabel,14,85809422,85809422,64,0.0001,22,7,0.8132769429131148,0.1544532491016252,2394.681921482086,41,0.8141790889061047,0.8141790889061047,0.5290420362858289,0.9481917583152372,0.8141790879253917,0.8646731150130146
chestmnist,vit_base_patch16_224,partial,20,start,multilabel,14,85809422,21274382,64,0.0001,23,8,0.8164897985676991,0.15414248217969198,2050.929357290268,40,0.8123063959866991,0.8123063959866991,0.5337226407524629,0.9485993211531482,0.8123063964770557,0.864923180074504
chestmnist,densenet121,LP,0,0,multilabel,14,6968206,14350,64,0.0001,55,40,0.7507838087256242,0.16837258520204457,2446.0837545394897,49,0.7416543357320721,0.7416543357320721,0.5315829358534302,0.9475294687036317,0.7416543369598477,0.8230158372961361
chestmnist,swin_tiny_patch4_window7_224,partial,60,end,multilabel,14,27530120,24853574,64,0.0001,22,7,0.8354383767864786,0.14990371306482544,1445.2940645217896,47,0.8358877089693505,0.8358877089693505,0.524628894931574,0.9478542453400921,0.8358877089693505,0.8789082807288334
chestmnist,swin_tiny_patch4_window7_224,partial,40,end,multilabel,14,27530120,19524098,64,0.0001,22,7,0.8282704289682973,0.152593345914641,1263.9180898666382,49,0.828699783298194,0.828699783298194,0.5320732848927918,0.9484878781896569,0.828699783298194,0.8752432328112357
chestmnist,resnet18,partial,60,end,multilabel,14,11183694,11026190,64,0.0001,24,9,0.8065223161430907,0.15455357987232018,1036.2271609306335,43,0.8061206389457946,0.8061206389457946,0.5318949761512058,0.9483382262101114,0.8061206376777942,0.8646151178311162
chestmnist,densenet121,partial,40,start,multilabel,14,6968206,1302350,64,0.0001,41,26,0.822065215703818,0.15315134865775748,3384.755706310272,45,0.8236787287993595,0.8236787287993595,0.5257879017518834,0.9477045933605467,0.8236787305174916,0.8722369253479888
chestmnist,vit_base_patch16_224,LP,0,0,multilabel,14,85809422,10766,64,0.0001,77,70,0.761258391721314,0.1652441164452126,4876.167965888977,41,0.7615069730393186,0.7615069730393186,0.5289528819150359,0.9473161350306627,0.7615069747574508,0.832584698224123
chestmnist,resnet18,full,0,0,multilabel,14,11183694,11183694,64,0.0001,27,12,0.8145753132671574,0.15359331858463776,1154.8298568725586,42,0.8149685323681196,0.8149685323681196,0.5310925868140686,0.9482140469079354,0.8149685318777632,0.8688061095804027
chestmnist,densenet121,partial,40,start,multilabel,14,6968206,1302350,64,0.0001,41,26,0.8229065256595011,0.1531313841159527,3428.136360645294,48,0.8227485707228585,0.8227485707228585,0.5274818347969509,0.9477364342072584,0.8227485667957347,0.872283314075849
chestmnist,densenet121,partial,40,end,multilabel,14,6968206,5536526,64,0.0001,21,6,0.8190536452826817,0.15408095233460778,1390.5989911556244,41,0.8187384034330342,0.8187384034330342,0.525921633308073,0.9476345434977806,0.8187384040920184,0.8686787412623979
chestmnist,vit_base_patch16_224,full,0,0,multilabel,14,85809422,85809422,64,0.0001,24,9,0.8161670393113336,0.1579663867709304,2597.1501276493073,48,0.8118928868781907,0.8118928868781907,0.5299781571791558,0.9480070814043087,0.8118928875371748,0.8622299368052271
chestmnist,swin_tiny_patch4_window7_224,partial,20,start,multilabel,14,27530120,681338,64,0.0001,73,58,0.8240866757615437,0.1547553761095403,6366.570245265961,45,0.8194114614159378,0.8194114614159378,0.529487808139794,0.9481439970451694,0.8194114609255813,0.8689706738054603
chestmnist,swin_tiny_patch4_window7_224,partial,40,start,multilabel,14,27530120,2903708,64,0.0001,33,18,0.8331360579084964,0.15174118503715917,2998.8669109344482,47,0.828359523875409,0.828359523875409,0.5274818347969509,0.9480707630977323,0.8283595243657657,0.8759786077896544
chestmnist,resnet18,partial,20,end,multilabel,14,11183694,8400910,64,0.0001,32,17,0.7814379115610676,0.16091763771582193,1363.651153087616,49,0.7850608641979834,0.7850608641979834,0.5271252173137788,0.947338423623361,0.7850608629702077,0.8487333846896103
chestmnist,resnet18,partial,40,start,multilabel,14,11183694,680718,64,0.0001,100,85,0.807870764326762,0.15597663535351766,4216.980679988861,41,0.8063589156433003,0.8063589156433003,0.5282396469486916,0.9477682750539702,0.8063589161336567,0.8619347539357458
chestmnist,resnet18,partial,20,start,multilabel,14,11183694,155150,64,0.0001,118,103,0.7811694240974931,0.16089222671469391,4958.23330783844,41,0.7799754582650139,0.7799754582650139,0.5329648286007221,0.947975240557597,0.7799754580963861,0.8455719282101896
chestmnist,resnet18,partial,60,start,multilabel,14,11183694,2780430,64,0.0001,44,29,0.8082753865302887,0.15473872955962803,1891.703233718872,45,0.8078371470253009,0.8078371470253009,0.5289974591004324,0.9478478771707497,0.807837148608681,0.8653966362489446
chestmnist,resnet18,full,0,0,multilabel,14,11183694,11183694,64,0.0001,26,11,0.8127854440281572,0.15387917290895414,1120.7364721298218,48,0.8129580312820736,0.8129580312820736,0.5302456202915348,0.9481376288758271,0.8129580312820736,0.8677259655017528
chestmnist,resnet18,partial,40,end,multilabel,14,11183694,10500622,64,0.0001,25,10,0.7998338353859139,0.15613958611023052,1083.4942257404327,49,0.8011937585462663,0.8011937585462663,0.5302456202915348,0.9481026039444441,0.8011937589581878,0.860420968476481
chestmnist,vit_base_patch16_224,LP,0,0,multilabel,14,85809422,10766,64,0.0001,94,94,0.7610891887502182,0.16515329826166827,6090.446948289871,49,0.7623358596527151,0.7623358596527151,0.5297106940667766,0.9473256872846763,0.7623358591623585,0.8332835360120248
chestmnist,densenet121,LP,0,0,multilabel,14,6968206,14350,64,0.0001,65,50,0.7514723166104568,0.1682437719018371,2878.9628760814667,47,0.7422324746125583,0.7422324746125583,0.5307805465162929,0.9474817074335641,0.7422324741222017,0.8229896723465784
chestmnist,swin_tiny_patch4_window7_224,partial,60,start,multilabel,14,27530120,8233184,64,0.0001,24,9,0.8391626745082751,0.14941387553500313,2239.9697613716125,41,0.8360848566212352,0.8360848566212352,0.5313154727410512,0.9486343460845311,0.8360848562906755,0.8802327408572994
chestmnist,densenet121,partial,60,start,multilabel,14,6968206,4272206,64,0.0001,21,6,0.8307951895009035,0.1500044756932476,1870.9391272068024,48,0.8286374107874005,0.8286374107874005,0.5287299959880534,0.9484114601575485,0.8286374105403377,0.8764117307058019
chestmnist,swin_tiny_patch4_window7_224,LP,0,0,multilabel,14,27530120,10766,64,0.0001,116,102,0.7570961026172511,0.16673769916479403,5950.274290323257,41,0.7567484860634501,0.7567484860634501,0.5306468149601035,0.9472779260146086,0.7567484855730937,0.8293678450274979
